Ava,51,UK
William,49,USA
Michael,24,Australia
Ava,20,USA
Emma,48,USA
James,64,Brazil
David,34,Japan
Olivia,46,India
Michael,62,Canada
Ava,41,India
Ava,63,Brazil
Emma,65,Australia
James,18,Japan
Olivia,26,UK
Michael,34,Canada
John,53,Brazil
Michael,35,Germany
Emma,52,Brazil
William,46,Brazil
James,61,USA
John,30,USA
John,57,USA
John,23,Japan
James,59,Australia
David,25,Japan
David,23,China
Jane,28,France
Emma,60,Japan
Jane,64,China
James,20,UK
Sophia,36,USA
Olivia,50,USA
Jane,38,India
Michael,23,India
Jane,29,USA
Emma,28,Japan
David,19,Australia
Sophia,20,Brazil
Michael,23,USA
James,61,USA
Olivia,57,Australia
William,47,USA
Emma,47,USA
David,36,India
Jane,61,USA
John,49,USA
William,43,Brazil
Emma,47,USA
Olivia,63,Germany
Sophia,32,Germany
Michael,43,China
Olivia,26,UK
Ava,64,USA
James,36,Germany
Ava,26,India
James,64,USA
John,20,Canada
Ava,58,Brazil
Emma,40,China
William,49,Brazil
David,34,Japan
Olivia,27,China
David,55,Germany
William,61,France
John,56,Australia
David,65,Canada
Olivia,48,Germany
Emma,38,USA
James,24,France
David,28,France
Michael,46,UK
Ava,53,Germany
Jane,38,Canada
Ava,29,Australia
John,26,USA
Emma,22,UK
Ava,53,Brazil
James,41,UK
Michael,54,Brazil
David,43,UK
William,41,Japan
Emma,44,USA
Emma,35,USA
Ava,38,France
Emma,36,UK
David,27,Germany
James,38,India
Emma,63,Japan
Emma,36,Japan
Michael,37,Brazil
Emma,46,Australia
Ava,62,Australia
Michael,25,China
Emma,53,Brazil
Ava,46,Australia
Sophia,18,China
James,31,UK
Emma,49,Brazil
Sophia,44,China
William,61,France
Emma,39,Japan
John,21,UK
Michael,61,Canada
John,27,China
James,61,India
Jane,53,USA
Emma,24,Japan
Olivia,57,China
Emma,31,Australia
Jane,65,Japan
Sophia,39,France
James,57,USA
Ava,55,China
James,51,Canada
James,43,Germany
David,37,Japan
Emma,21,China
Sophia,60,Germany
William,41,USA
William,54,China
Sophia,26,Brazil
David,35,Australia
Olivia,54,France
David,25,India
Michael,38,India
Emma,20,Australia
Sophia,60,Australia
Emma,36,Australia
William,27,Japan
James,45,Japan
Ava,59,France
Michael,55,Brazil
Ava,60,Germany
David,53,Germany
Emma,39,UK
Emma,41,France
John,23,USA
Ava,35,China
Ava,55,Japan
Emma,35,Brazil
Michael,22,France
Sophia,37,Japan
William,35,USA
James,44,Japan
Jane,50,Canada
Olivia,52,Brazil
William,61,USA
Emma,22,USA
John,54,Australia
Emma,28,Australia
Jane,33,UK
Jane,44,UK
William,21,USA
David,48,USA
William,29,Brazil
Emma,28,Germany
Ava,55,Australia
Ava,37,Japan
Jane,32,Japan
Olivia,30,UK
John,50,Germany
James,58,Australia
Olivia,44,Brazil
Olivia,22,Canada
Ava,23,Japan
Sophia,43,Brazil
John,36,Germany
David,33,Australia
Ava,32,Japan
Emma,64,UK
Michael,34,France
Michael,49,France
William,53,UK
Emma,46,Germany
Ava,38,Brazil
Emma,63,UK
Jane,31,USA
Michael,26,France
Ava,43,Brazil
David,48,China
David,65,USA
Olivia,30,France
William,45,UK
David,29,Japan
James,63,Germany
Michael,59,UK
Michael,26,China
James,51,Australia
David,20,Germany
Sophia,30,Australia
James,30,India
Sophia,50,France
John,32,France
John,59,China
William,19,Australia
Emma,29,USA
Sophia,28,Canada
David,54,China
Emma,26,Australia
Olivia,53,Canada
James,53,India
Jane,35,UK
Michael,33,India
Sophia,33,France
James,36,Brazil
Olivia,21,Canada
David,48,Germany
Sophia,23,Brazil
John,58,France
Ava,61,UK
David,41,Brazil
Jane,46,Canada
David,26,Brazil
William,24,France
Michael,61,Japan
James,34,Japan
Jane,21,India
David,24,Canada
David,52,France
John,43,Brazil
Sophia,22,UK
Ava,33,UK
Olivia,27,India
Emma,40,Brazil
David,26,China
Sophia,39,Germany
William,59,France
Ava,64,USA
David,48,China
Olivia,51,Canada
Emma,19,China
James,30,India
Sophia,38,Canada
William,26,UK
Jane,55,Germany
Sophia,22,India
John,23,Brazil
James,39,Japan
Sophia,45,Brazil
John,44,China
William,28,Canada
Ava,62,Australia
William,30,India
Olivia,42,China
Ava,44,Japan
John,37,India
John,54,Canada
Ava,40,Australia
William,46,China
Jane,62,China
Jane,59,France
John,65,Canada
David,34,Australia
Sophia,30,UK
Michael,21,Australia
Emma,34,China
William,37,Canada
Emma,36,France
Jane,26,Germany
Ava,18,Brazil
Emma,43,Australia
Ava,38,USA
David,45,China
Olivia,43,USA
Jane,31,Brazil
Emma,19,France
William,52,Brazil
John,33,Canada
Emma,43,USA
Jane,31,Brazil
Jane,23,China
Jane,22,UK
Ava,63,Australia
Olivia,65,Canada
Emma,39,Brazil
John,61,Brazil
Olivia,51,China
Ava,45,Japan
David,65,USA
James,33,Germany
Jane,26,Brazil
Olivia,32,Brazil
David,54,Canada
William,37,UK
Emma,40,Germany
Ava,53,Japan
Olivia,27,Australia
James,33,Australia
Olivia,32,Brazil
Sophia,50,Canada
William,36,UK
Ava,31,UK
John,24,Japan
John,39,India
James,34,Canada
Emma,42,USA
Ava,46,France
Michael,39,UK
David,32,India
Michael,44,Australia
Emma,38,Brazil
Ava,62,USA
Jane,33,Japan
Emma,36,Australia
Sophia,24,Canada
James,54,Germany
Ava,23,UK
Ava,33,Australia
Jane,43,Japan
Emma,28,Canada
Sophia,61,USA
James,46,UK
Ava,37,Germany
Ava,65,Canada
James,36,France
Olivia,56,USA
Sophia,64,China
Jane,49,Japan
Sophia,25,Canada
David,59,USA
Jane,34,India
William,63,France
Emma,48,UK
James,42,Australia
William,63,Canada
Sophia,44,France
David,63,Australia
John,43,Brazil
Emma,31,China
Michael,60,Germany
John,60,Australia
David,23,Brazil
Jane,27,Canada
John,32,France
James,28,Japan
William,52,Canada
William,32,China
Emma,53,UK
Sophia,47,France
Michael,48,France
Olivia,26,Canada
Olivia,44,France
Olivia,37,UK
William,19,Japan
Sophia,34,UK
Michael,61,Germany
Olivia,61,Japan
Ava,25,India
Sophia,46,Germany
John,48,Germany
Olivia,38,France
James,37,Japan
David,59,France
David,23,Brazil
James,43,Japan
William,27,UK
Ava,57,Germany
James,45,India
William,60,Japan
Michael,32,Brazil
Emma,35,India
Sophia,33,USA
Emma,36,France
Ava,38,China
Sophia,24,China
James,18,USA
William,50,USA
Jane,52,Australia
David,30,China
William,56,Brazil
William,64,France
William,55,UK
John,26,France
Ava,36,Germany
Sophia,64,Brazil
Ava,19,Canada
William,18,Australia
Jane,20,Germany
Jane,42,China
Jane,57,Australia
David,63,France
Emma,30,India
Michael,44,USA
Emma,29,UK
Olivia,61,UK
Olivia,40,Canada
Michael,63,Canada
Emma,39,France
David,43,Japan
James,48,China
Olivia,57,China
Jane,58,India
Michael,39,UK
James,54,Australia
William,37,India
Jane,45,Japan
Olivia,64,Japan
Sophia,52,Canada
David,29,China
Sophia,36,India
James,26,China
Emma,20,Canada
Emma,44,Japan
Jane,32,Canada
Michael,42,USA
John,65,Australia
John,21,USA
Sophia,19,Australia
John,39,China
John,40,Australia
David,19,USA
Olivia,62,China
Sophia,58,Canada
John,21,China
Ava,58,India
Sophia,52,France
Sophia,46,USA
Jane,21,France
Olivia,38,Japan
Jane,49,USA
David,52,China
James,47,Australia
Olivia,42,Brazil
John,58,France
Jane,53,USA
Jane,65,UK
Ava,59,Australia
Sophia,43,Australia
Emma,62,Canada
William,65,Germany
Olivia,43,Germany
Sophia,51,France
David,48,Canada
Emma,55,Canada
Sophia,55,Japan
Michael,38,Germany
Ava,47,India
William,63,UK
Olivia,55,India
Michael,60,UK
Jane,46,Japan
William,60,India
Ava,31,Japan
Michael,34,Japan
Michael,37,USA
William,64,Australia
James,57,India
Sophia,46,France
Ava,63,France
Emma,41,USA
Sophia,65,China
Sophia,57,Brazil
Jane,41,India
Emma,22,Japan
John,60,USA
James,56,Canada
Sophia,36,Canada
Jane,26,UK
David,28,China
Jane,49,USA
William,49,Japan
David,44,Brazil
John,58,Germany
John,18,Japan
John,23,Brazil
Jane,19,USA
Olivia,61,UK
Emma,45,Brazil
Jane,44,Brazil
Emma,51,USA
Olivia,51,Canada
Olivia,48,Canada
John,24,India
Sophia,57,China
Emma,30,France
William,28,Australia
John,28,Brazil
Olivia,44,Japan
Sophia,48,France
John,33,USA
James,37,Brazil
Sophia,32,Japan
Sophia,55,Canada
Olivia,32,France
Emma,26,USA
William,45,Germany
Michael,32,China
John,18,India
James,36,France
James,34,Canada
Jane,52,Canada
Emma,19,Japan
Emma,42,USA
David,41,USA
William,41,Japan
David,35,Canada
Sophia,39,China
James,39,China
William,29,USA
Olivia,46,Japan
John,40,France
William,63,USA
Emma,49,Japan
David,41,India
Jane,43,Canada
William,37,UK
Sophia,21,Australia
Sophia,26,Brazil
Michael,28,Germany
John,23,India
James,35,China
Emma,51,UK
Jane,47,India
Sophia,31,China
Olivia,38,Brazil
John,29,France
David,28,Canada
Michael,37,China
Sophia,52,India
Sophia,23,Australia
Jane,43,Germany
William,27,Australia
Olivia,39,India
Emma,39,Canada
James,21,India
Sophia,26,USA
David,51,Brazil
William,37,UK
Jane,59,Japan
Michael,56,France
David,38,China
Michael,61,Brazil
Sophia,52,Germany
John,18,Germany
Jane,51,Japan
William,48,India
Ava,40,France
Sophia,55,France
Olivia,48,Canada
Ava,49,France
Jane,40,UK
Jane,39,France
Olivia,65,Japan
Ava,57,France
Jane,61,India
Emma,46,Germany
John,42,USA
William,26,Germany
John,53,Australia
John,25,UK
John,46,UK
Sophia,19,India
Olivia,28,France
William,46,Brazil
Michael,18,Canada
Sophia,38,Australia
Ava,44,Brazil
David,26,China
Michael,19,Germany
Olivia,19,Japan
Jane,35,UK
Ava,29,Canada
David,25,Canada
Emma,25,Germany
Jane,26,India
Ava,52,Canada
William,45,China
William,58,Germany
Jane,31,Canada
David,18,Brazil
Jane,40,UK
Sophia,45,Canada
Jane,62,France
Michael,28,Germany
Ava,44,USA
Emma,48,UK
William,60,Brazil
Michael,36,China
David,21,USA
Michael,22,USA
Ava,58,Japan
Michael,52,UK
Jane,23,Japan
Michael,58,France
William,46,China
William,24,France
Ava,52,Japan
Olivia,43,Canada
Ava,41,Germany
David,45,China
Olivia,33,Canada
Ava,21,UK
Emma,47,Brazil
William,53,Brazil
Ava,37,UK
Olivia,36,Brazil
Emma,31,USA
David,20,France
Emma,41,Canada
Jane,55,Japan
Michael,59,Germany
Michael,47,Japan
Sophia,41,Brazil
Ava,58,Canada
Ava,51,France
Jane,20,Japan
Sophia,60,Australia
David,62,Brazil
Emma,48,Japan
David,26,Brazil
James,23,France
Sophia,61,India
Sophia,54,China
David,58,Canada
Olivia,65,UK
David,61,France
Sophia,21,France
Olivia,37,Australia
Ava,35,China
Emma,18,Australia
David,22,Australia
Michael,43,Japan
John,33,Germany
William,26,India
John,49,UK
David,49,UK
Sophia,23,France
James,61,Australia
David,61,USA
Olivia,59,Brazil
Sophia,25,China
Ava,31,Australia
Ava,39,France
Olivia,60,USA
William,26,Australia
Ava,62,Japan
Olivia,30,France
Jane,19,Australia
William,50,UK
Ava,21,Brazil
David,29,India
Olivia,53,Brazil
Sophia,36,India
David,45,Canada
William,45,UK
Michael,62,Germany
William,64,Canada
Emma,50,France
Sophia,20,Canada
David,35,China
David,34,Japan
Jane,20,Canada
William,21,UK
Sophia,24,UK
John,41,France
William,63,Japan
James,56,USA
Olivia,35,UK
Sophia,63,Canada
William,59,Japan
Ava,60,Canada
David,32,Australia
Jane,44,USA
David,44,Canada
James,52,Australia
John,33,France
William,20,Japan
William,61,Germany
Michael,65,France
James,30,China
John,22,Japan
James,59,Canada
Jane,36,USA
John,39,Canada
Michael,38,France
James,35,Japan
John,61,Brazil
James,27,UK
John,65,Brazil
Sophia,32,USA
Michael,63,Canada
David,57,Japan
Sophia,30,China
Ava,44,USA
Sophia,40,Brazil
John,29,Brazil
David,19,Germany
Jane,54,UK
Sophia,18,UK
Jane,57,UK
Emma,51,Canada
Olivia,58,Germany
John,43,UK
William,42,Brazil
Ava,65,Japan
Michael,33,France
Emma,58,India
James,30,UK
Emma,39,India
James,32,France
John,22,Canada
David,51,Germany
Jane,32,Japan
David,59,Germany
Emma,29,Australia
Michael,39,USA
David,46,China
Michael,39,India
Sophia,60,Japan
Sophia,20,Canada
Michael,38,USA
William,57,France
David,61,Canada
John,31,Germany
James,59,India
James,34,UK
Olivia,61,UK
Jane,20,India
William,50,USA
William,64,India
Michael,22,France
William,57,Japan
Michael,34,Australia
John,30,India
Olivia,20,USA
Michael,41,Brazil
Emma,50,France
William,61,China
John,54,China
Michael,42,Japan
David,47,China
David,34,USA
Olivia,54,Brazil
John,23,Australia
David,59,UK
Emma,19,UK
John,60,Australia
Emma,36,Japan
David,43,France
William,47,USA
Jane,60,France
Michael,32,Japan
David,44,Japan
William,27,USA
Jane,56,UK
Sophia,52,France
William,52,Germany
Emma,42,China
Sophia,18,Brazil
James,42,USA
John,32,UK
Ava,59,Australia
James,54,Brazil
William,56,France
William,26,Germany
Sophia,50,USA
Ava,41,Brazil
John,42,India
Olivia,47,India
James,51,UK
Sophia,19,UK
Olivia,54,India
Michael,54,USA
Olivia,38,Germany
Ava,23,Australia
Ava,42,Australia
David,36,Japan
Michael,49,China
Olivia,64,Australia
Jane,50,Brazil
Michael,20,Japan
Jane,19,UK
Ava,28,UK
Michael,20,Brazil
John,55,India
William,64,India
James,28,China
William,29,Germany
John,39,Germany
James,37,UK
James,40,Japan
David,37,France
Jane,43,France
David,27,Germany
William,20,Germany
Emma,39,Japan
Michael,50,France
Olivia,45,UK
William,23,Brazil
William,24,Germany
Olivia,22,UK
James,43,Germany
John,52,Germany
James,19,India
Ava,64,Brazil
James,49,Canada
Olivia,28,Japan
James,40,UK
James,26,India
James,58,Germany
John,57,Germany
Jane,60,China
Sophia,22,Canada
David,40,USA
Olivia,44,China
Ava,47,Canada
Olivia,36,Japan
Emma,53,China
Michael,22,China
Michael,63,India
Ava,24,Brazil
Ava,32,France
James,58,Canada
John,40,USA
Ava,62,France
James,47,China
David,44,Germany
David,31,Germany
Olivia,53,Japan
John,32,Germany
Sophia,24,UK
Michael,36,India
Jane,32,India
Emma,51,USA
David,22,Japan
Michael,28,Canada
Michael,46,Germany
Ava,49,Japan
David,29,Germany
James,31,Germany
Michael,58,UK
William,40,Australia
Olivia,24,Australia
Sophia,30,Australia
Emma,18,Canada
William,28,China
Jane,22,Brazil
Michael,62,India
David,44,Germany
Jane,47,Australia
James,58,France
Jane,62,Australia
David,22,Brazil
James,45,China
William,53,India
James,51,Brazil
Ava,40,UK
Olivia,28,Canada
Sophia,25,Australia
Emma,42,USA
Emma,25,UK
John,50,UK
Michael,27,Australia
Michael,43,Brazil
David,52,Brazil
Michael,45,Canada
Michael,19,UK
Ava,37,Japan
Sophia,32,Brazil
Michael,35,Canada
Michael,58,China
Olivia,32,France
Ava,19,France
Sophia,38,Australia
David,21,China
David,59,Brazil
Ava,64,Japan
David,46,Brazil
John,59,France
John,21,USA
Emma,19,Japan
Sophia,40,Brazil
James,52,Australia
John,61,Germany
David,52,Brazil
Sophia,44,India
Sophia,50,USA
Emma,39,France
Sophia,56,Canada
Ava,31,Germany
Jane,46,China
Michael,20,Brazil
David,38,USA
William,54,Japan
James,30,UK
Olivia,59,Germany
James,32,Canada
Olivia,62,France
Sophia,41,Canada
William,52,France
Jane,46,Brazil
Sophia,51,France
John,54,India
Jane,46,Canada
Sophia,23,Canada
David,41,USA
John,65,India
William,53,Australia
Olivia,25,USA
James,60,Japan
Michael,31,China
John,48,Japan
Ava,59,Japan
Jane,18,India
Michael,48,Japan
James,36,China
James,43,France
William,62,Japan
David,32,Canada
Ava,26,Brazil
Emma,25,Australia
Sophia,31,China
Emma,63,China
Olivia,60,Japan
Olivia,18,Canada
Ava,42,France
James,19,China
Olivia,39,Brazil
David,53,Brazil
Emma,40,UK
Olivia,37,India
Emma,23,Japan
David,44,France
David,22,Germany
Ava,60,India
John,56,UK
David,44,Japan
James,30,USA
James,61,China
Michael,36,China
James,53,USA
Sophia,65,Canada
Michael,62,Brazil
Jane,33,China
James,45,China
Ava,61,USA
Sophia,65,Japan
Olivia,41,France
Michael,58,Australia
Sophia,45,France
Sophia,62,France
Olivia,28,Brazil
John,37,India
Jane,25,Canada
William,45,France
John,47,India
John,59,Brazil
John,50,USA
William,50,Australia
Emma,50,Japan
Sophia,26,Japan
Ava,18,USA
Michael,63,China
William,64,Brazil
John,58,Germany
John,41,Australia
Michael,40,UK
David,52,Brazil
Ava,50,UK
Olivia,26,Australia
Olivia,58,Germany
David,63,Germany
James,42,UK
William,57,India
Emma,44,Germany
William,33,Japan
David,27,India
Olivia,24,Canada
William,55,Australia
Olivia,54,China
David,43,Australia
James,24,Australia
Emma,38,USA
James,41,Australia
Sophia,25,UK
William,36,China
William,55,China
Ava,37,China
Emma,37,Germany
David,36,Canada
Emma,60,Brazil
Ava,22,Germany
Jane,31,UK
Michael,46,USA
William,64,USA
John,58,France
John,24,France
David,21,India
Jane,55,India
Sophia,20,China
Ava,53,China
James,24,India
David,31,Japan
Emma,61,Japan
Sophia,33,UK
John,32,Japan
Emma,39,Australia
James,57,Japan
Olivia,25,Japan
Emma,59,Canada
Michael,53,UK
Michael,28,Germany
William,34,Australia
Olivia,46,USA
John,44,Australia
John,60,China
Ava,63,China
Sophia,47,Brazil
Ava,65,China
Sophia,61,France
Ava,54,Japan
David,33,Brazil
Jane,61,France
Jane,28,Brazil
John,62,USA
Olivia,39,Australia
Ava,30,India
Ava,26,Germany
Emma,65,USA
Sophia,47,France
John,58,Australia
David,29,Germany
Emma,55,China
Michael,23,Australia
Ava,55,Australia
David,18,UK
Emma,24,Germany
Jane,31,USA
Michael,30,Japan
Ava,42,Australia
John,35,Japan
James,60,Germany
Jane,59,USA
David,63,Canada
Olivia,57,India
William,49,USA
John,38,Japan
Michael,28,USA
Jane,47,India
Emma,54,Germany
Ava,43,UK
Michael,36,Japan
John,38,Japan
Sophia,25,Canada
Michael,47,India
William,20,China
Michael,22,Australia
Olivia,34,Australia
John,25,France
John,21,Japan
William,43,UK
William,44,China
Ava,22,China
Sophia,55,Germany
Olivia,45,France
Michael,40,USA
Emma,27,France
John,28,Germany
Sophia,31,Australia
David,33,France
Ava,48,Australia
Olivia,45,UK
Sophia,44,USA
Michael,31,China
Jane,64,Canada
John,52,China
William,26,China
Jane,18,Canada
John,32,Australia
John,47,UK
Sophia,65,Brazil
Michael,32,India
James,64,China
Sophia,47,Brazil
Sophia,46,France
Olivia,29,China
John,57,France
Michael,20,USA
John,59,Australia
John,23,China
Sophia,18,UK
Michael,53,Canada
Ava,56,Germany
William,54,Australia
Sophia,26,France
David,58,Germany
Emma,40,Canada
John,24,China
Emma,35,Australia
Olivia,53,USA
Jane,31,Canada
Olivia,39,China
James,63,Brazil
Michael,54,Canada
Michael,55,Australia
Ava,63,France
John,21,USA
John,38,India
Michael,31,Canada
Michael,23,UK
James,53,France
Michael,65,China
James,55,Canada
Emma,62,France
William,54,USA
Emma,53,Japan
Emma,28,India
Ava,42,Australia
William,50,UK
Emma,45,Canada
Sophia,59,Germany
James,40,Brazil
Emma,57,UK
David,49,India
Ava,20,Brazil
William,21,France
James,20,Germany
Ava,41,China
Olivia,62,Brazil
Jane,39,Germany
David,45,USA
David,48,Brazil
John,38,India
Michael,28,India
James,51,Canada
Michael,23,UK
Sophia,58,Brazil
Jane,32,Germany
Michael,64,Japan
David,31,Canada
John,19,Australia
William,48,Canada
Emma,54,Germany
Olivia,41,India
Emma,34,Brazil
Michael,46,France
William,56,Germany
Ava,31,Canada
Ava,46,USA
David,52,Australia
Michael,39,China
Ava,25,UK
Jane,54,Brazil
Jane,27,UK
Ava,32,Canada
John,26,Brazil
Olivia,25,China
Michael,21,France
Jane,19,China
David,60,Australia
David,20,China
Michael,58,Germany
James,51,China
Olivia,32,India
David,34,UK
Olivia,46,Germany
Jane,22,USA
Sophia,44,Germany
William,23,UK
Michael,44,Japan
Emma,38,Canada
David,21,UK
Sophia,19,France
William,26,China
Michael,60,Brazil
Olivia,27,UK
David,22,Australia
William,33,Canada
William,30,Australia
Emma,43,USA
David,33,Germany
James,25,China
Ava,49,Canada
Sophia,21,Brazil
Sophia,25,Australia
John,63,Brazil
David,24,Australia
Emma,41,Germany
Sophia,62,Canada
Ava,57,Germany
Jane,42,Australia
Sophia,32,Canada
David,61,France
Olivia,46,France
Olivia,18,China
Ava,53,Brazil
William,32,UK
Emma,63,France
Sophia,49,UK
Sophia,45,India
David,25,Germany
Olivia,45,Germany
David,64,Australia
William,35,France
David,61,India
Ava,60,France
Olivia,22,India
James,24,Japan
John,23,Brazil
Jane,41,Japan
Jane,60,USA
John,49,USA
Olivia,57,Brazil
Michael,20,Germany
Olivia,64,Germany
Sophia,52,USA
David,49,Japan
Sophia,53,USA
Emma,63,Brazil
Sophia,25,Brazil
Michael,20,UK
Jane,60,China
Michael,32,UK
Michael,43,France
Olivia,34,Canada
Olivia,37,Germany
John,27,UK
David,34,USA
Sophia,35,USA
Olivia,34,Brazil
Olivia,22,UK
Sophia,42,USA
John,38,Japan
William,21,Canada
William,57,France
Michael,37,China
Michael,32,France
John,37,Canada
Ava,28,Australia
Olivia,37,Canada
Ava,43,India
James,56,Canada
James,28,USA
James,27,Japan
William,35,India
Emma,20,China
Ava,45,Japan
David,62,India
Emma,26,Australia
David,22,Japan
Ava,64,France
David,23,India
Jane,23,Brazil
Sophia,20,USA
William,54,Germany
Ava,57,USA
John,64,India
John,63,Australia
David,45,USA
Ava,60,China
David,65,Canada
James,50,USA
John,65,Brazil
Jane,54,Brazil
William,49,Australia
James,32,India
James,39,France
John,26,Germany
David,64,Japan
Michael,58,India
Ava,39,UK
James,30,Japan
Sophia,64,Germany
William,28,Brazil
Jane,24,Australia
Olivia,41,Japan
William,28,UK
Jane,36,Canada
Sophia,46,Japan
Jane,50,France
David,54,UK
James,40,China
Ava,53,USA
John,44,Brazil
Jane,34,Japan
David,44,Germany
David,62,USA
Jane,43,Germany
James,65,USA
David,23,USA
David,18,Australia
Olivia,48,Australia
Jane,27,Japan
John,57,Australia
Sophia,59,USA
James,52,Japan
David,59,Germany
Olivia,40,Canada
John,25,Germany
Jane,50,UK
James,38,Japan
John,48,UK
Olivia,45,India
Emma,50,France
James,19,Australia
David,51,France
Sophia,42,UK
Sophia,45,Australia
Jane,59,Canada
Sophia,40,USA
Michael,28,Canada
William,28,Australia
Sophia,30,Australia
John,50,UK
Sophia,29,Brazil
John,26,Germany
Ava,29,China
John,52,Brazil
Michael,37,Germany
Jane,48,Australia
David,30,Japan
Olivia,41,USA
Emma,25,UK
Olivia,24,China
Emma,30,USA
Olivia,61,Australia
Jane,23,Australia
Sophia,51,Brazil
Sophia,30,China
Ava,51,Japan
Jane,25,China
David,58,Germany
James,30,UK
Ava,45,Brazil
David,61,Australia
Olivia,28,China
Ava,57,France
Olivia,22,India
Sophia,27,India
Ava,55,Japan
Emma,56,France
David,55,USA
James,45,Canada
William,63,Brazil
John,38,China
Ava,37,Japan
James,27,Canada
Emma,24,USA
David,35,USA
David,48,UK
Olivia,19,USA
John,52,China
Olivia,43,Germany
Michael,50,Brazil
Ava,22,Japan
Sophia,51,Australia
John,60,Brazil
William,55,UK
Olivia,39,China
Michael,54,Germany
Olivia,63,Canada
William,23,China
David,50,Australia
Ava,51,Japan
Emma,47,Canada
Sophia,64,India
James,52,Canada
Sophia,55,Australia
David,39,Japan
John,64,China
Sophia,27,Canada
Olivia,40,Brazil
Emma,32,India
Ava,65,China
David,30,Brazil
Emma,54,UK
David,55,France
Sophia,37,Brazil
William,26,France
Olivia,45,Germany
John,29,Australia
Emma,51,India
Olivia,61,China
Sophia,26,Japan
Sophia,55,Japan
Michael,60,Japan
William,32,Canada
William,28,Australia
John,53,Australia
John,20,Australia
Sophia,41,India
John,21,Germany
Emma,35,Japan
William,44,UK
Jane,65,UK
Michael,50,France
William,48,Canada
James,61,India
Ava,44,Canada
Emma,31,China
Michael,54,Japan
Jane,54,Canada
Emma,31,China
Jane,21,Brazil
Emma,31,France
Jane,44,China
David,56,Brazil
John,55,China
John,45,USA
Ava,19,Germany
James,38,UK
Jane,24,Brazil
Jane,59,USA
David,36,Australia
Jane,46,USA
James,52,USA
William,56,USA
Emma,23,Brazil
Michael,59,Australia
Ava,37,Canada
John,26,Australia
David,40,Brazil
Olivia,38,France
Ava,38,Brazil
Michael,18,Japan
David,52,Japan
Olivia,18,Brazil
Michael,40,Brazil
William,40,Brazil
James,30,China
Sophia,49,India
Michael,57,USA
James,58,France
William,64,China
Emma,55,China
Ava,50,USA
Sophia,25,China
Olivia,41,Japan
John,32,Canada
Michael,20,Germany
David,45,Germany
Michael,21,Germany
John,57,Canada
Jane,31,Japan
Ava,58,India
David,50,Germany
Emma,38,India
Michael,49,China
James,43,UK
David,45,China
Sophia,31,Canada
Sophia,60,Canada
Ava,40,Canada
Michael,57,China
William,56,Japan
David,43,Brazil
Jane,24,Canada
James,21,Germany
James,29,Germany
Jane,50,India
Olivia,22,Japan
Sophia,39,India
Jane,60,Canada
Jane,29,UK
Sophia,26,China
William,23,USA
Sophia,28,France
Jane,46,USA
Emma,18,Brazil
William,32,USA
David,40,UK
Ava,62,Germany
John,26,France
Olivia,58,China
Sophia,24,Germany
John,38,Canada
John,62,Brazil
David,38,USA
Ava,61,USA
John,28,China
Ava,31,USA
Olivia,61,Japan
Olivia,53,Germany
David,22,Canada
Ava,59,Australia
William,25,India
Sophia,49,France
Olivia,23,Canada
Ava,51,India
William,50,Australia
Emma,37,France
Sophia,48,Canada
Michael,18,China
John,43,Australia
John,33,France
Ava,50,Canada
William,54,France
Olivia,60,USA
David,38,Australia
David,41,Brazil
Emma,33,USA
Ava,53,USA
Michael,49,China
Olivia,47,France
Olivia,22,UK
Jane,42,USA
Ava,36,Australia
Jane,64,China
Michael,25,China
James,62,Japan
James,62,Australia
William,60,France
James,49,China
John,65,Canada
Emma,50,France
David,19,India
Jane,26,Japan
Emma,63,Australia
Sophia,61,Japan
Jane,33,Canada
James,21,UK
Sophia,38,Canada
James,57,USA
Olivia,36,India
Michael,23,USA
Ava,29,France
Emma,24,Germany
John,35,Japan
William,52,USA
Ava,50,France
Olivia,64,China
Jane,45,UK
John,27,Brazil
David,23,USA
James,19,UK
Emma,40,India
Michael,27,UK
Sophia,49,UK
Sophia,22,France
William,54,Australia
Ava,21,UK
Olivia,64,India
Sophia,56,India
James,52,Brazil
Emma,18,China
William,43,China
Jane,18,USA
William,24,Canada
James,52,Germany
William,19,Canada
David,35,Canada
Michael,48,China
James,57,Germany
John,25,Australia
Sophia,44,Canada
Michael,40,Germany
John,28,Brazil
Michael,25,France
Michael,24,Germany
David,64,India
Ava,63,Germany
Michael,47,Germany
William,62,India
Emma,36,India
John,54,Brazil
Emma,47,Brazil
John,35,UK
James,32,USA
Emma,26,France
John,50,Australia
James,41,USA
Michael,63,Germany
Ava,62,Germany
William,43,Canada
Jane,44,Brazil
James,40,USA
Jane,64,India
Ava,41,France
Michael,41,Brazil
David,34,Australia
Emma,21,India
Emma,35,Japan
Ava,47,Australia
Sophia,24,Canada
Emma,38,Japan
Emma,57,France
Olivia,61,UK
Sophia,53,UK
Emma,32,Canada
Michael,28,France
David,51,France
John,51,USA
Sophia,57,Japan
William,25,USA
Sophia,19,UK
Emma,22,China
Emma,64,USA
John,37,USA
Sophia,56,India
Sophia,23,Australia
John,52,Germany
Sophia,27,China
Sophia,46,Germany
Olivia,50,France
Michael,62,UK
Michael,60,Australia
Emma,37,Germany
Ava,61,Brazil
Jane,35,Japan
David,45,Canada
Olivia,32,Brazil
Jane,19,China
James,26,Canada
William,42,Australia
Michael,21,Japan
William,55,France
Olivia,49,USA
Sophia,30,Brazil
Jane,42,Australia
Michael,20,China
David,36,France
Jane,36,China
Ava,60,Germany
John,52,Brazil
Emma,61,Brazil
Olivia,45,Australia
Olivia,50,USA
John,60,Japan
William,25,China
Jane,33,Germany
David,33,Germany
Michael,22,Brazil
Emma,48,Canada
Sophia,56,India
Michael,52,Brazil
Sophia,58,Germany
James,59,Brazil
James,55,India
Emma,63,Germany
Jane,56,USA
Sophia,60,Canada
Michael,29,China
Sophia,30,Australia
Emma,37,Germany
James,25,India
James,58,Canada
John,28,UK
David,52,Germany
David,18,France
Ava,38,USA
Olivia,65,Germany
James,64,Canada
William,63,Australia
Sophia,44,Canada
Olivia,28,Brazil
Olivia,51,Brazil
William,62,Australia
William,56,Australia
John,60,Brazil
Ava,40,Canada
Olivia,54,UK
James,50,France
Emma,51,Germany
William,18,Germany
James,41,India
James,42,USA
David,41,Brazil
David,38,Australia
Ava,60,Canada
William,44,Germany
James,22,Germany
William,34,India
James,18,France
John,53,France
Emma,19,France
Jane,35,Canada
Olivia,45,India
John,37,UK
Michael,32,Australia
Jane,24,UK
William,42,Japan
John,19,UK
John,34,UK
David,39,Germany
Michael,31,Germany
Ava,48,USA
John,40,China
Emma,19,Japan
John,63,Brazil
Ava,60,Brazil
James,51,Brazil
Olivia,31,Brazil
William,33,India
Emma,55,India
Sophia,50,China
Olivia,18,USA
David,25,Brazil
Jane,64,China
David,43,USA
David,43,UK
James,64,Canada
Ava,51,Germany
Emma,24,UK
Olivia,49,Canada
Emma,26,China
Ava,37,France
John,37,India
Sophia,63,China
William,53,France
Jane,23,France
Sophia,59,Brazil
David,20,China
Michael,26,Canada
Michael,40,Brazil
Olivia,40,India
Emma,27,Canada
John,62,Germany
Olivia,38,Brazil
William,26,China
James,58,India
John,35,Brazil
David,24,Japan
Olivia,55,Brazil
John,19,UK
David,19,France
Emma,62,France
Olivia,38,France
David,37,Canada
Jane,28,India
Michael,26,India
James,39,UK
Sophia,34,UK
Olivia,53,UK
Ava,33,China
John,64,China
Ava,44,UK
Olivia,52,Japan
John,42,Canada
Olivia,29,Germany
James,28,Germany
David,64,China
Olivia,59,Germany
Emma,42,UK
Ava,58,Canada
John,59,USA
Olivia,53,Brazil
Olivia,65,China
John,38,France
Emma,19,India
William,58,Canada
Jane,61,China
Olivia,34,Canada
Michael,39,Australia
David,60,Germany
Emma,56,Canada
Michael,60,France
James,30,USA
James,33,Germany
Ava,25,Japan
David,38,USA
Emma,27,USA
Michael,47,France
Jane,36,India
Olivia,34,Canada
David,26,Japan
Ava,50,USA
Sophia,60,Germany
Michael,44,Canada
Michael,49,India
William,60,China
David,62,Germany
James,48,UK
Jane,49,India
James,33,USA
David,41,Japan
Ava,50,India
Olivia,22,Canada
John,32,USA
John,54,Australia
David,22,France
William,37,Germany
John,42,UK
Ava,51,USA
Emma,38,Germany
Olivia,35,Canada
Sophia,45,India
John,28,UK
William,57,India
Sophia,43,France
Sophia,61,Germany
Emma,28,UK
Ava,56,USA
Sophia,55,USA
James,40,India
Michael,33,Japan
Michael,39,Australia
Ava,39,India
Olivia,28,India
Emma,43,Australia
Emma,52,Brazil
James,61,France
Michael,55,Australia
Ava,60,France
James,32,India
Ava,41,Australia
Ava,37,China
David,34,Australia
Emma,41,Australia
Sophia,62,Brazil
Sophia,26,France
Michael,51,Japan
David,27,USA
Ava,18,Germany
Ava,34,China
Jane,57,Germany
James,47,USA
Emma,53,India
John,43,UK
Olivia,52,China
Ava,60,China
Sophia,64,Brazil
Ava,32,Germany
Olivia,40,UK
Michael,53,UK
Emma,60,Australia
Ava,63,India
James,56,Germany
David,55,Canada
Olivia,19,India
Sophia,59,Germany
Olivia,23,France
Emma,44,Brazil
David,65,Australia
Sophia,18,Brazil
Jane,41,UK
John,22,France
Michael,51,Germany
Olivia,25,Australia
Jane,58,China
James,31,Brazil
David,20,Australia
Olivia,56,USA
William,26,Brazil
Sophia,63,India
Michael,40,France
Michael,35,Canada
James,56,USA
Sophia,32,Brazil
William,51,Germany
James,31,Brazil
David,56,USA
Emma,65,Germany
Olivia,64,Germany
William,23,France
Olivia,65,India
Michael,37,Australia
James,29,Canada
James,24,China
Michael,56,China
Michael,36,USA
William,43,Brazil
Olivia,44,India
James,56,UK
Ava,33,USA
Sophia,40,USA
John,53,Canada
Michael,26,Brazil
William,54,Australia
James,48,China
David,62,China
John,34,Australia
Michael,49,China
John,61,Australia
Jane,53,China
William,56,Japan
Sophia,55,Canada
John,35,China
William,42,China
Ava,26,Brazil
James,64,Brazil
James,40,USA
Ava,26,UK
William,57,Canada
Jane,63,Brazil
Sophia,21,Brazil
Jane,62,China
Ava,28,Germany
James,35,France
David,38,France
John,34,Brazil
Emma,54,Australia
Jane,58,Brazil
Jane,52,Germany
John,33,France
Jane,48,Brazil
Olivia,56,Australia
Ava,26,UK
Olivia,20,USA
Jane,48,France
William,20,USA
Emma,43,France
David,40,Brazil
David,56,Canada
Michael,22,Brazil
James,21,USA
Sophia,18,China
Ava,60,Brazil
John,41,Canada
Ava,23,Canada
Olivia,31,France
Olivia,37,China
Sophia,37,Germany
Sophia,53,Japan
John,38,Germany
Emma,59,Canada
William,37,France
William,20,Brazil
James,49,USA
Sophia,63,Brazil
David,53,France
John,61,USA
Jane,45,Australia
James,32,USA
Sophia,62,France
Jane,40,China
James,52,India
Emma,56,Canada
Sophia,23,Brazil
Olivia,21,Germany
John,47,Brazil
Emma,63,Brazil
Olivia,43,China
David,57,UK
Emma,26,France
Olivia,24,Canada
David,25,USA
John,21,UK
Emma,46,USA
David,60,Japan
Emma,40,Japan
Olivia,29,UK
Olivia,62,Germany
Emma,56,Brazil
James,22,Canada
David,25,India
John,45,Australia
Jane,36,Brazil
Ava,19,Australia
Jane,25,Brazil
Jane,36,France
Michael,24,India
John,27,Japan
Emma,62,UK
Sophia,44,Japan
James,58,China
James,35,Japan
Olivia,47,Germany
Emma,20,China
Jane,23,China
Emma,20,France
Emma,44,Canada
Jane,18,USA
James,49,USA
William,22,Germany
Emma,25,India
Jane,19,Canada
Emma,48,China
William,38,China
James,53,India
Sophia,31,USA
Ava,18,Canada
William,45,France
James,47,Australia
John,56,China
James,40,Canada
David,52,Brazil
William,47,France
Sophia,59,Canada
John,47,France
Sophia,60,China
Ava,32,India
David,33,France
Olivia,62,Canada
Michael,25,UK
Emma,35,India
David,31,UK
Sophia,41,China
Emma,64,France
John,33,Canada
Michael,19,China
Ava,33,Japan
Sophia,64,Brazil
Sophia,42,China
Olivia,18,Canada
William,42,China
William,56,Germany
John,18,China
Jane,51,Germany
William,51,China
Ava,56,France
Michael,37,UK
Jane,62,India
Michael,53,Australia
Olivia,35,India
William,46,Canada
Olivia,46,Australia
Ava,23,France
Emma,49,USA
Sophia,40,India
James,29,Brazil
